statement_id,statement,source,non_substantive,moderator_rejected,votes,agrees,disagrees,passes,group_A_votes,group_A_agrees,group_A_disagrees,group_A_passes,group_B_votes,group_B_agrees,group_B_disagrees,group_B_passes,group_C_votes,group_C_agrees,group_C_disagrees,group_C_passes
0,"The most effective arts and health work happening right now depends on individual relationships, not formal agreements.
We already have enough good local examples in Australia to justify scaling without running more pilots.
Community organisations are currently delivering health outcomes they are neither funded nor recognised for.
The most promising work in this space is happening outside the heal",seed,no,yes,1,0,0,1,0,0,0,0,1,0,0,1,0,0,0,0
1,"The most effective arts and health work happening right now depends on individual relationships, not formal agreements.",seed,no,no,72,43,14,15,31,17,8,6,21,12,3,6,20,14,3,3
2,We already have enough good local examples in Australia to justify scaling without running more pilots.,seed,no,no,71,56,8,7,30,27,2,1,21,10,6,5,20,19,0,1
3,Community organisations are currently delivering health outcomes they are neither funded nor recognised for.,seed,no,no,70,59,1,10,29,25,1,3,21,16,0,5,20,18,0,2
4,"The most promising work in this space is happening outside the health system, not within it.",seed,no,no,71,40,16,15,31,18,9,4,20,9,4,7,20,13,3,4
5,The portfolio that pays for the intervention is almost never the one that sees the benefit.,seed,no,no,69,25,25,19,30,9,13,8,19,6,7,6,20,10,5,5
6,"There is already enough money in the system, it's just in the wrong places.",seed,no,no,69,42,14,13,30,20,5,5,20,9,4,7,19,13,5,1
7,"This work will not scale without new, dedicated funding.",seed,no,no,68,47,12,9,29,22,5,2,20,11,5,4,19,14,2,3
8,Short funding cycles are the single biggest barrier to this work right now.,seed,no,no,68,46,13,9,30,24,5,1,19,5,8,6,19,17,0,2
9,Philanthropy is currently funding work that the government should be paying for.,seed,no,no,69,42,14,13,30,17,7,6,20,7,7,6,19,18,0,1
10,"We have enough evidence — the barrier is political will, not proof.",seed,no,no,67,52,7,8,28,27,1,0,21,11,3,7,18,14,3,1
11,The evidence base is still too weak to justify major health system investment.,seed,no,no,69,10,52,7,29,1,28,0,20,8,7,5,20,1,17,2
12,Current measurement frameworks cannot capture the value this work creates.,seed,no,no,68,47,12,9,30,19,6,5,20,13,5,2,18,15,1,2
13,"Social prescribing, neighbourhood health or other connections between clinical care and arts and cultural outlets are still treated as a nice-to-have rather than core health infrastructure.",seed,no,no,69,64,2,3,31,30,1,0,19,15,1,3,19,19,0,0
14,Framing arts and culture primarily in health terms risks damaging the arts sector.,seed,no,no,69,30,24,15,30,4,21,5,20,13,2,5,19,13,1,5
15,Clinicians currently see connecting people with things outside of health care as extra work rather than part of their job.,seed,no,no,68,47,8,13,29,17,5,7,20,12,3,5,19,18,0,1
16,Health services genuinely want to connect people to community activities but don't know how.,seed,no,no,69,41,11,17,30,19,4,7,20,11,3,6,19,11,4,4
17,Community organisations are already at capacity and could not absorb more referrals tomorrow.,seed,no,no,68,28,20,20,29,10,10,9,20,7,4,9,19,11,6,2
18,The communities that would benefit most currently have the fewest of these assets.,seed,no,no,67,43,11,13,29,20,5,4,20,11,5,4,18,12,1,5
19,Philanthropy is better placed than government to fund the innovative and experimental.,seed,no,no,71,24,36,11,31,6,20,5,21,9,7,5,19,9,9,1
20,"The bridges and mechanisms that connect health and the arts are the missing infrastructure, not more programs.",seed,no,no,69,57,3,9,31,26,3,2,20,16,0,4,18,15,0,3
21,Loneliness and disconnection are now bigger drivers of poor health in my community than any clinical factor.,seed,no,no,69,43,5,21,30,20,1,9,19,7,4,8,20,16,0,4
22,"I've seen the benefits of joined-up thinking land in one part of the system, while funding and credit stay with the old model.",seed,no,no,69,41,5,23,30,22,1,7,21,9,2,10,18,10,2,6
23,"In my experience, there's little reward for working across silos — the incentives all point back to staying in your lane.",seed,no,no,69,37,26,6,30,14,15,1,20,9,8,3,19,14,3,2
24,"The people who inspire me most in this field work outside the mainstream, and their stories rarely get told.",seed,no,no,71,38,11,22,30,17,5,8,21,6,5,10,20,15,1,4
25,"My own breakthroughs have only come from breaking the rules, not following them.",seed,no,no,70,25,28,17,30,9,13,8,20,3,10,7,20,13,5,2
26,I've wanted to take a creative risk at work but held back because it didn't feel safe to fail.,seed,no,yes,2,0,1,1,0,0,0,0,2,0,1,1,0,0,0,0
27,Arts and culture shouldn't have to compensate for a health system that ignores the whole person.,seed,no,no,68,39,19,10,29,11,13,5,20,12,4,4,19,16,2,1
28,"Funding for arts-based health programs should come from health budgets, not arts budgets.",seed,no,no,68,31,20,17,28,12,10,6,21,6,8,7,19,13,2,4
29,I don't believe arts and culture make a measurable difference to health outcomes.,seed,no,no,69,1,66,2,31,1,30,0,20,0,19,1,18,0,17,1
30,"In my experience, health services treat creative therapies as a ""nice to have,"" not real care.",seed,no,no,67,51,6,10,28,21,4,3,20,15,1,4,19,15,1,3
31,The barriers people face accessing arts and culture for wellbeing are more about feeling worthy than about money or availability.,seed,no,no,69,23,30,16,29,6,16,7,20,6,6,8,20,11,8,1
32,"The health system's obsession with measurable outcomes crowds out approaches, like the arts, that are harder to quantify.",seed,no,yes,2,1,0,1,0,0,0,0,2,1,0,1,0,0,0,0
33,"Arts, culture and creative outlets should be considered essential parts of health prevention.",seed,no,no,70,65,2,3,30,30,0,0,20,15,2,3,20,20,0,0
34,"Extra funding should go to community organisations and groups delivering health-improving activities, not to administrative bodies or systems that just connect people to them.",seed,no,no,69,40,13,16,30,18,5,7,19,7,8,4,20,15,0,5
35,"Health is built in daily life, not in hospitals or clinics.",seed,no,no,69,63,4,2,30,27,3,0,20,19,0,1,19,17,1,1
36,"Government is already funding health-generating activity, it just isn’t being recognised or measured.",seed,no,yes,2,1,0,1,0,0,0,0,2,1,0,1,0,0,0,0
37,Arts and cultural programs should not be required to justify themselves in clinical or medical terms.,seed,no,yes,2,1,0,1,0,0,0,0,2,1,0,1,0,0,0,0
38,"Every time we ask a community program to prove itself in clinical terms, we risk destroying the very thing that made it work.",seed,no,no,70,40,15,15,31,17,8,6,20,10,2,8,19,13,5,1
39,"Scaling what works in this space should be done carefully, so it doesn't strip out the relationships, creativity and local character that make it effective.",seed,no,no,68,63,0,5,29,27,0,2,20,17,0,3,19,19,0,0
40,This work can never be fully scaled because it relies on individuals going above and beyond.,seed,no,yes,2,0,1,1,0,0,0,0,2,0,1,1,0,0,0,0
41,"Calling every park, library and choir ""health infrastructure"" risks stretching the term until it means nothing and helps no one make better decisions.",seed,no,no,70,44,16,10,30,14,13,3,21,16,0,5,19,14,3,2
42,".Governments already struggle to fund core health services, adding parks, arts and community programs to the ""health"" ledger risks diluting scarce resources.",seed,no,yes,1,0,0,1,0,0,0,0,1,0,0,1,0,0,0,0
43,Cross-portfolio funding pools only ever create confusion about who's accountable when things go wrong.,seed,no,no,71,19,32,20,30,4,19,7,21,9,4,8,20,6,9,5
44,The idea that we can grow something to national scale while keeping it intimate and human is not realistic,seed,no,no,67,17,43,7,30,6,23,1,18,5,9,4,19,6,11,2
45,"Governments already struggle to fund core health services, adding parks, arts and community programs to the ""health"" ledger risks diluting scarce resources",seed,no,yes,2,0,0,2,0,0,0,0,2,0,0,2,0,0,0,0
46,"Governments are already funding health-generating activity, it just isn’t being recognised or measured.",seed,no,no,70,40,13,17,30,17,8,5,20,10,2,8,20,13,3,4
47,Assigning an instrumental value to arts does not diminish their intrinsic value.,seed,no,no,69,50,8,11,31,27,1,3,19,14,0,5,19,9,7,3
48,"The system rewards sticking to the status quo, rather than exploring what might work better.",seed,no,no,70,51,8,11,30,26,2,2,20,8,5,7,19,16,1,2
49,Testing,live,yes,no,67,5,3,59,30,3,2,25,18,0,1,17,19,2,0,17
50,Testint,live,yes,no,63,4,3,56,28,1,2,25,17,0,1,16,18,3,0,15
51,Test,live,yes,no,68,6,4,58,30,4,3,23,19,1,1,17,19,1,0,18
52,Should be cross sector investment.,live,no,no,68,63,1,4,31,30,1,0,19,17,0,2,18,16,0,2
53,We have strong local evidence of success and economic impact,live,no,no,67,43,13,11,31,23,2,6,18,5,9,4,18,15,2,1
54,"Evidence continues to grow about the impacts of arts participation on welling, and in arts in health practice. Great examples of practice",live,no,no,63,54,2,7,29,27,1,1,18,12,1,5,16,15,0,1
55,There are pockets of good work with no way to consistently evaluate and no consistent referral pathways,live,no,no,64,55,5,4,29,24,3,2,17,14,2,1,18,17,0,1
56,This kind of framing supports more opportunities and links to traditional applications of arts and culture,live,no,no,68,41,3,24,31,22,0,9,19,8,3,8,18,11,0,7
57,This needs to be accompanied by initiatives that support art for art’s sake,live,no,no,65,42,10,13,31,21,6,4,17,6,4,7,17,15,0,2
58,Communities aren't supported to shape their environments for health & wellbeing. We need a Community Empowerment Act to address that gap.,live,no,no,60,32,8,20,29,18,4,7,16,5,3,8,15,9,1,5
59,Funding is the biggest barrier to implementation.,live,no,no,65,30,24,11,29,15,11,3,19,5,8,6,17,10,5,2
60,More data driven evidence,live,no,no,65,30,21,14,27,11,12,4,19,12,3,4,19,7,6,6
61,Disconnect between stakeholders and working in silos. Shared understanding but perspectives not coming together to progress.,live,no,no,64,53,1,10,29,27,0,2,18,12,0,6,17,14,1,2
62,Industry have social infrastructure that should be unlocked,live,no,no,64,49,2,13,29,22,1,6,17,13,0,4,18,14,1,3
63,Cross sector partnerships are essential,live,no,no,64,64,0,0,28,28,0,0,18,18,0,0,18,18,0,0
64,"Not all arts, artists and arts programs are necessarily able to deliver health outcomes.",live,no,no,64,48,9,7,29,22,6,1,17,14,0,3,18,12,3,3
65,Social prescribing has under-valued the scalable and accessible receptive arts participation,live,no,no,67,28,10,29,29,14,5,10,19,3,4,12,18,11,1,6
66,We have strong local evidence and economic impact of successful projects…now is the time,live,no,no,60,49,5,6,28,25,1,2,17,9,4,4,15,15,0,0
67,Capacity within our community structures need to be nurtured and developed so we can support localised solutions,live,no,no,64,59,1,4,30,30,0,0,16,12,1,3,18,17,0,1
68,Young adults are not well catered for in current models of social prescribing,live,no,no,67,41,5,21,29,19,2,8,19,10,1,8,19,12,2,5
69,Need to intervene upstream not at symptomatic stage.,live,no,no,64,53,1,10,29,23,1,5,19,18,0,1,16,12,0,4
70,Committed and passionate people push the agenda forward.,live,no,no,64,57,3,4,29,29,0,0,17,13,2,2,18,15,1,2
71,"Arts communities don’t speak the same language as health industry, which limits effective communication",live,no,no,63,48,8,7,29,21,4,4,17,13,2,2,17,14,2,1
72,Australia needs to prioritise community & ecosystem flourishing over $$ for war. End AUKUS & spend $350bn on community health & wellbeing!,live,no,no,62,37,7,18,28,15,5,8,17,7,2,8,17,15,0,2
73,More focus needed on true local community development,live,no,no,66,54,2,10,30,27,0,3,18,11,1,6,18,16,1,1
74,There needs to be more focus on evaluating the benefits of arts participation on society levels of social wellbeing,live,no,no,62,39,14,9,27,18,7,2,16,11,1,4,19,10,6,3
75,Cross sector collaboration needs to be funded and recognised through policy incentives.,live,no,no,64,57,2,5,29,28,0,1,17,13,1,3,18,16,1,1
76,Creating a positive ecosystem should include both arts and health and arts for art’s sake,live,no,no,62,54,1,7,29,26,1,2,14,10,0,4,19,18,0,1
77,Social prescribing pilots need to move to ‘stage 2’ and beyond,live,no,no,61,52,2,7,27,26,1,0,17,12,0,5,17,14,1,2
78,The mental/ health crisis is a cultural crisis - emerging from our disconnection as beings of nature and in relationship with all others,live,no,no,60,48,2,10,27,20,1,6,16,11,1,4,17,17,0,0
79,"The A&H sector needs support to set agendas for diverse economics-oriented research and advocacy, for now and for the future",live,no,no,59,41,4,14,27,22,2,3,17,7,1,9,15,12,1,2
80,The key thing to do is help decision makers better prioritise to achieve positive outcomes,live,no,no,62,41,7,14,29,19,2,8,18,10,5,3,15,12,0,3
81,"It’s hard to invest in what’s common sense for the future, while meeting the expectations of the present….",live,no,no,61,39,13,9,27,16,7,4,17,11,4,2,17,12,2,3
82,"We need shared language to communicate both health / wellbeing value, and non instrumental value(s) and benefits",live,no,no,62,52,4,6,29,27,2,0,18,13,2,3,15,12,0,3
83,"funding models should take into account long term costs /expenses avoided, uncoupling long term finance decisions from shorter term politics",live,no,no,60,52,1,7,28,27,1,0,17,14,0,3,15,11,0,4
84,We need a good shared language to communicate the benefits without instrumentalisation,live,no,no,60,48,4,8,27,22,3,2,17,10,1,6,16,16,0,0
85,Not all artists / arts org have the skills or the capacity or the inclination to add value in arts and health,live,no,no,61,51,7,3,29,22,6,1,17,14,1,2,15,15,0,0
86,"We are beyond evidence, let’s define the pathway ahead",live,no,no,62,53,3,6,29,28,0,1,15,9,2,4,18,16,1,1
87,The evidence is very strong. It needs structured leadership and advocacy.,live,no,no,60,48,1,11,28,28,0,0,17,8,1,8,15,12,0,3
88,The public isn’t as aware of the benefits of art:culture on health and that makes it harder for politicians and govs to fund things now,live,no,no,58,46,10,2,27,20,6,1,16,13,3,0,15,13,1,1
89,Art for art’s sake is a false binary - all arts can generate health.,live,no,no,60,43,9,8,27,21,3,3,17,10,3,4,16,12,3,1
90,clinicians have insufficient knowledge of the evidence,live,no,no,61,42,9,10,29,19,6,4,17,11,2,4,15,12,1,2
91,Social prescribing risks becoming medicalised or yet another silo,live,no,no,60,31,19,10,29,9,15,5,15,11,3,1,16,11,1,4
92,"The problem is not only one of political will, it’s also one of political capital and getting the public on board",live,no,no,62,51,8,3,28,21,7,0,17,15,0,2,17,15,1,1
93,We need longitudinal data to address the evidence  gap. It is just adding relevant  questions  to the existing  health surveys.,live,no,no,61,39,14,8,27,18,7,2,18,8,6,4,16,13,1,2
94,True local participatory design is essential for meaningful engagement,live,no,no,60,56,2,2,28,27,0,1,16,14,1,1,16,15,1,0
95,"We all intrinsically understand the health benefits of health participant, but we are unable to articulate at the collective level",live,no,no,58,37,12,9,27,18,6,3,16,12,1,3,15,7,5,3
96,It’s time to stop trying to locate virtue within health or within arts. Cross sector partnering is essential.,live,no,no,58,53,1,4,28,25,1,2,15,14,0,1,15,14,0,1
97,Such an opportunity to engage with industry for funding and participation,live,no,no,61,42,0,19,28,20,0,8,17,11,0,6,16,11,0,5
98,Every commonwealth and state/territory new policy proposals should contain a wellbeing impact statement,live,no,no,62,53,3,6,28,27,1,0,17,11,2,4,17,15,0,2
99,"It doesn't have to be arts or health, it has to be an experience, and led by what the community needs The arts as a health behaviour",live,no,no,59,46,4,9,29,23,4,2,15,13,0,2,15,10,0,5
100,What we need most is shared funding infrastructure to bring together arts and health and respect their differences,live,no,no,59,45,5,9,28,23,2,3,17,9,3,5,14,13,0,1
101,Healthcare should honour life( not industry),live,no,no,57,43,4,10,27,20,4,3,14,10,0,4,16,13,0,3
102,This arts and health agenda could create a perverse business model that monetizes the experience in unhealthy ways,live,no,no,58,31,15,12,27,8,12,7,16,12,1,3,15,11,2,2
103,Practioners are supported and well trained,live,no,no,61,17,33,11,27,10,10,7,17,2,13,2,17,5,10,2
104,Consider how existing approaches can support sustainability,live,no,no,63,47,2,14,30,28,0,2,17,9,1,7,16,10,1,5
105,Examples are needed of how large system infrastructure (national or state) can filter to local context sp,live,no,no,61,40,7,14,29,21,4,4,16,9,0,7,16,10,3,3
106,"We need a paradigm shift to a wellbeing economy that prioritises human and ecological flourishing, not corporate profit maximisation",live,no,no,62,55,1,6,29,26,1,2,17,14,0,3,16,15,0,1
107,"Acknowledgement of what went before I.e vichealth and WHO - promoting mental health -Herman, sacens, moodie",live,no,no,59,28,2,29,27,12,2,13,15,5,0,10,17,11,0,6
108,Everyone deserves access to art and it’s way more fun than a gym membership… which an insurer might fund… let’s treat art the same,live,no,no,41,34,3,4,19,18,1,0,10,5,2,3,12,11,0,1
109,we need to question our own paradigms if we wish to initiate change,live,no,no,31,25,2,4,12,9,1,2,8,7,0,1,11,9,1,1
110,The idea that there is additional funding available for such initiatives is naive - existing programs need to be leveraged,live,no,no,29,18,7,4,11,5,4,2,7,5,0,2,11,8,3,0
111,Artists bring a different way of thinking that should not be co-opted,live,no,no,25,17,4,4,9,5,3,1,5,3,1,1,11,9,0,2
112,by focusing purely on arts are we not creating the same silos and structures we wish to avoid or change,live,no,no,24,13,4,7,9,5,2,2,4,3,0,1,11,5,2,4
113,We need an equivalent to the UK’s All Parliamentary Group for arts and health,live,no,no,23,16,2,5,8,8,0,0,4,2,1,1,11,6,1,4
114,"We are amid a right of passage, we will either flourish or fail - and invited to consider what futures are worthy of the best of us",live,no,no,16,8,3,5,6,3,1,2,2,1,1,0,8,4,1,3
115,our current theories on health change are not adequate to explain why SP is important.,live,no,no,12,9,1,2,5,3,1,1,1,1,0,0,6,5,0,1
116,"A structure is needed for cross sectoral collaboration that allows everyone, down to grassroots practitioners, to share knowledge and learn",live,no,no,3,3,0,0,2,2,0,0,0,0,0,0,1,1,0,0
